Sequence,Value,Dataset,Split
AGCUCUAAUAACAGGAGACUAGGACUACGUAUUUCUAGGUAACUGGAAUAACCCAUACCAGCAGUUAGAGUUCGCUCUAAC,0.9123440784820066,CoV Vaccine Degradation,train
AAGCGCGCGCGGUUAGCGCGCGCUUUUGCGCGCGCUGUACCGCGCGCGCUUAUGCAAGUUGCCCGCGGCGUUCGCGCUGUG,3.628801011746609,CoV Vaccine Degradation,train
GUGCUCAGAUAAGCUAAGCUCGAAUAGCAAUCGAAUAGAAUCGAAAUAGCAUCGAUGUGUAUAUGGGUGGUUCGCCGCUCA,1.1325678398061472,CoV Vaccine Degradation,train
AGCGCGCGCGCGCGCGCGAAAAAGCGCGCGCGCGCGCGCGCGCGCGCGCCCUAGUCGUGGUGCUCGAGGUUUCGACCUCGA,5.648950526585661,CoV Vaccine Degradation,train
AUAUAUAAUAUAUUAUAUAAAUAUAUUAUAGAAGUAUAAUAUAUUAUAUAAAUAUAUAUAUAUAAAAUAUUUCGAUAUUUU,-0.0968328891202056,CoV Vaccine Degradation,train
GCGCCGCGGCGGUAGCGGCAGCGAGGAGCGCUACCAAGGCACAGCGCCGCAGCGGCACACACACCGUAAGUUCGCUUGCGG,-0.567427785747587,CoV Vaccine Degradation,train
ACAAUUGCAUCGUUAGUACGACUCCACAGCGUAAGCUGUGGAGUCGGAAGUCGAUGCAACAAAGCAAAGCUUCGGCUUUGC,-0.2774824833834594,CoV Vaccine Degradation,train
UCAUCGAGGACGGGUCCGUUCAGCACGCGAAAGCGUCGUGAACGGACACAAGUCCUCGAUGAACGAAUGCUUCGGCGUUCG,-0.48701438415596,CoV Vaccine Degradation,train
GCCAUACCUAGGCGCAAGCCUAGGUAUGGCGGUGAUCUGGUAGCGCAAGCUACCAGAUCACCAGCGAAGCUUCGGCUUCGC,-0.647035216935036,CoV Vaccine Degradation,train
GCAUGGGACCACGAUUCACAUCGGUCUGCACGUAGGACAUUCUUGUAGUUAGGUUCUACGUCAAUGGGAGUUCGCUUCUAU,-0.1776543769924323,CoV Vaccine Degradation,train
AUGCGAUCUAGGUAUAUAAGGAUGUUGUAGAAGAUCUUAUAACAUCCAUGUAUUUAGACGCUACUGUUCAUUCGUGGAUAG,-0.0851208128670744,CoV Vaccine Degradation,train
GCGAUCACGAAAACCGAAACGAGAAACAUGAAACAAGUAACUCGAACGGAAAAUCGAGCUCGCGAGGUGCUUCGGUGUCUC,0.4291393157841793,CoV Vaccine Degradation,train
GUCAUACGAUAGCAUUUAACACAUAUAUUAAGAGAUAGCAUUAUACUCAACACAAGAUAGUACGGUCUGUUUCGACAGGCC,0.5518814668307254,CoV Vaccine Degradation,train
GCGGAAACGCCAUGUCAUGAAAAACGCAAAAAGAUAGACGAAAGUCUAUCGCGACAUGACAUGCACUGUGUUCGCGCGGUG,-0.3450411671362824,CoV Vaccine Degradation,train
AGGAUCCCUAUGGAGCUGGGAUCUAGACCUACGGGUCUAGAUCCCAGCUCCAUAGGGAUCCAAGGACUGCUUCGGCAGUCC,-3.4424160368670886,CoV Vaccine Degradation,train
AGCGAACGACGAAACGCGGGCGCGAUGGACAGGAGGCUGACACCCAGCGGACUGGACGUCAAAGGCCGGCUUCGGCUGGCC,-0.5629388366610212,CoV Vaccine Degradation,train
ACAAAAACAAACAACAAAAACAAACAACAAAAACAAACAACAAAAACAAACAACAAAAACAAAGCUAUAGUUCGCUAUGGU,0.6790513540217477,CoV Vaccine Degradation,train
CGCGCGCGCGCGCGCGCGCGCGCGCGCGCGCGCCGCGCGCGCGCGCGCGCGCGCGCGCGCGCGGGCCUGGUUCGCCAGGCU,-0.7616258445266578,CoV Vaccine Degradation,train
CCGAAUCGGAGACUACUAUAGUUGAGUAAUCGUCGACUUUAUGCGAUCGUAUUACUGCUACGACUUGCGAUUCGUCGCAAG,-0.0090433280067895,CoV Vaccine Degradation,train
GGGCCCGGCGGGCCCAACGGCCGCCGCGGCCGCAACGGCAACAACAACAACACAGCAAACAAACGCGCGCUUCGGCGCGCG,0.1492839467078112,CoV Vaccine Degradation,train
UCUAGCGACCCAGGGACGGAAGUCAACUAGACGAAGUAGAUGCGAUCAGAGUUUGCGUUACAAGCGCCUCUUCGGAGGUGC,1.3058922853326849,CoV Vaccine Degradation,train
GGCAUGUCGGCUCGCGGUGACGUGCGCCUUUGCUAAGGAUCGCUACUGCGUGCUAGUAACGCGGAUGACCUUCGGGUCAUC,0.0351320118678304,CoV Vaccine Degradation,train
UUAUAAUGAUCAUGAGGUACUAUCAUCAUGACUGGAGACAGCAGAGAAGACAGCAGACAUAAAGGUUACGUUCGCGUAACC,0.4256909867131367,CoV Vaccine Degradation,train
AGCUCUAAUAACAGGAGACUAGGACUAGGUAUUUCUAGGUAACUGGAAUAACGGAUACCACCACAUAGAGUUCGCUCUAUG,1.1254161277386867,CoV Vaccine Degradation,train
